constituency_code,constituency_name,region_name,winning_party,eligible_voters,valid_votes,conservative_votes,labour_votes,libdem_votes,conservative_vote_share,labour_vote_share,libdem_vote_share
W07000081,Aberafan Maesteg,Wales,Lab,72580,35755,2903,17838,916,0.08119144175639771,0.49889525940427915,0.02561879457418543
E14001063,Aldershot,South East,Lab,78553,48544,14081,19764,4052,0.2900667435728411,0.4071357943309163,0.08347066578773896
E14001064,Aldridge-Brownhills,West Midlands,Con,70268,40912,15901,11607,1755,0.3886634728197106,0.28370649198279235,0.04289694955025421
E14001065,Altrincham and Sale West,North West,Lab,74025,51452,16624,20798,4727,0.323097255694628,0.4042214102464433,0.09187203607245588
W07000082,Alyn and Deeside,Wales,Lab,75790,43392,7892,18395,2065,0.18187684365781712,0.4239260693215339,0.047589417404129794
E14001066,Amber Valley,East Midlands,Lab,71546,42531,10725,15746,1590,0.2521690061367003,0.37022407185347156,0.03738449601467165
E14001067,Arundel and South Downs,South East,Con,77969,54740,22001,9782,9867,0.40191815856777496,0.17869930580928023,0.18025210084033613
E14001068,Ashfield,East Midlands,Other,68929,39882,3271,11554,619,0.0820169500025074,0.2897046286545309,0.015520786319642947
E14001069,Ashford,South East,Lab,76233,46975,13483,15262,2445,0.28702501330494945,0.3248962213943587,0.05204896221394359
E14001070,Ashton-under-Lyne,North West,Lab,71002,35461,4375,15575,1411,0.12337497532500494,0.4392149121570176,0.03979019204196159
E14001071,Aylesbury,South East,Lab,79169,49940,14451,15081,10440,0.2893672406888266,0.30198237885462553,0.2090508610332399
E14001072,Banbury,South East,Lab,73250,48178,15212,18468,4352,0.31574577608036863,0.38332849018224086,0.0903316866619619
W07000083,Bangor Aberconwy,Wales,Lab,70527,41660,9036,14008,1524,0.2168987037926068,0.33624579932789245,0.03658185309649544
E14001073,Barking,London,Lab,79822,36477,4294,16227,1015,0.11771801409107109,0.4448556624722428,0.02782575321435425
E14001074,Barnsley North,Yorkshire and The Humber,Lab,78274,36894,3083,18610,1336,0.08356372309860682,0.5044180625575975,0.03621185016533854
E14001075,Barnsley South,Yorkshire and The Humber,Lab,75853,35082,3247,16399,1172,0.09255458639758281,0.4674476939741178,0.03340744541360242
E14001076,Barrow and Furness,North West,Lab,74980,42221,13213,18537,1680,0.312948532720684,0.43904691977925675,0.0397906255181071
E14001077,Basildon and Billericay,East of England,Con,76873,42124,12905,12885,2292,0.30635742094767826,0.30588263222865825,0.05441078719969614
E14001078,Basingstoke,South East,Lab,78487,48989,14438,20922,3176,0.29471922268264306,0.42707546592092105,0.06483088040172283
E14001079,Bassetlaw,East Midlands,Lab,78161,44878,12708,18476,1996,0.2831676990953251,0.4116939257542671,0.04447613530014707
E14001080,Bath,South West,LD,69662,48130,7659,8665,19883,0.15913151880324122,0.18003324329939746,0.4131103261998753
E14001081,Battersea,London,Lab,72827,47082,10944,22983,4826,0.2324455205811138,0.4881483369440551,0.10250201775625505
E14001082,Beaconsfield,South East,Con,72751,47726,18494,7216,13039,0.38750366676444703,0.1511964128567238,0.2732053807149143
E14001083,Beckenham and Penge,London,Lab,77198,52222,12848,25753,4436,0.2460265788365057,0.49314465167936883,0.08494504231932902
E14001084,Bedford,East of England,Lab,72478,40659,8912,18342,4025,0.21918886347426153,0.45111783368995795,0.09899407265304115
E14001085,Bermondsey and Old Southwark,London,Lab,69482,37603,2879,16857,9070,0.07656304018296413,0.44828870036965135,0.24120415924261362
E14001086,Bethnal Green and Stepney,London,Lab,81439,46647,1920,15896,4777,0.04116020322850344,0.3407721825626514,0.10240744313675049
E14001087,Beverley and Holderness,Yorkshire and The Humber,Con,71994,44897,15501,15377,3386,0.34525692139786623,0.3424950442123082,0.07541706572822238
E14001088,Bexhill and Battle,South East,Con,72198,47750,16186,13529,3473,0.3389738219895288,0.2833298429319372,0.07273298429319372
E14001089,Bexleyheath and Crayford,London,Lab,70297,43461,13603,15717,2204,0.31299325832355446,0.36163456892386275,0.05071213271668853
E14001090,Bicester and Woodstock,South East,LD,74353,50219,14461,8236,19419,0.2879587407156654,0.16400167267368923,0.38668631394492126
E14001091,Birkenhead,North West,Lab,78091,43134,3238,22468,2292,0.07506839152408773,0.5208883943061158,0.05313673668104048
E14001092,Birmingham Edgbaston,West Midlands,Lab,71787,37428,8231,16599,2102,0.2199155712300951,0.4434915036870792,0.05616116276584375
E14001093,Birmingham Erdington,West Midlands,Lab,77463,34137,5402,14774,1128,0.15824471980548965,0.4327855406157542,0.033043325424026715
E14001094,Birmingham Hall Green and Moseley,West Midlands,Lab,76936,41606,3845,12798,4711,0.09241455559294333,0.3075998654040283,0.11322886122193915
E14001095,Birmingham Hodge Hill and Solihull North,West Midlands,Lab,77737,34136,4634,10655,942,0.1357511131942817,0.3121338176704945,0.027595500351535036
E14001096,Birmingham Ladywood,West Midlands,Lab,83693,36579,2218,15558,1711,0.06063588397714536,0.4253260067251702,0.04677547226550753
E14001097,Birmingham Northfield,West Midlands,Lab,74048,37652,9540,14929,1791,0.2533729947944332,0.3964995219377457,0.04756719430574737
E14001098,Birmingham Perry Barr,West Midlands,Other,76350,37476,4227,12796,1302,0.1127921869996798,0.3414451915892838,0.03474223503041947
E14001099,Birmingham Selly Oak,West Midlands,Lab,75678,38423,5834,17371,2324,0.1518361398120917,0.4520990032012076,0.06048460557478594
E14001100,Birmingham Yardley,West Midlands,Lab,73203,36144,3634,11275,3634,0.10054227534307215,0.3119466578131917,0.10054227534307215
E14001101,Bishop Auckland,North East,Lab,70745,40427,10364,17036,1373,0.25636332154253344,0.42140153857570434,0.0339624508373117
E14001102,Blackburn,North West,Other,73263,38887,3474,10386,689,0.0893357677372901,0.26708154396070666,0.017718003445881658
E14001103,Blackley and Middleton South,North West,Lab,72303,31340,3073,16864,1592,0.09805360561582642,0.5380982769623485,0.05079770261646458
E14001104,Blackpool North and Fleetwood,North West,Lab,73339,41810,12097,16744,1318,0.2893326955273858,0.40047835446065533,0.031523558957187274
E14001105,Blackpool South,North West,Lab,77460,35180,5504,16916,1041,0.1564525298465037,0.4808413871517908,0.029590676520750425
W07000084,Blaenau Gwent and Rhymney,Wales,Lab,70153,29922,3776,16027,1268,0.126194773076666,0.5356259608314953,0.04237684646748212
E14001106,Blaydon and Consett,North East,Lab,70487,42216,6052,21160,2273,0.1433579685427326,0.501231760469964,0.053842145158233844
E14001107,Blyth and Ashington,North East,Lab,76595,40401,6121,20030,1433,0.15150615083785055,0.49577980743050915,0.0354694190737853
E14001108,Bognor Regis and Littlehampton,South East,Con,76854,47827,15678,13913,5081,0.32780646914922534,0.29090262822255214,0.10623706274698393
E14001109,Bolsover,East Midlands,Lab,77207,42434,10874,17197,1478,0.25625677522741197,0.40526464627421405,0.0348305603996795
E14001110,Bolton North East,North West,Lab,80011,43359,9513,16166,1507,0.21940081643949352,0.3728407020457114,0.03475633663137988
E14001111,Bolton South and Walkden,North West,Lab,79622,36930,4170,15093,1384,0.11291632818846466,0.4086921202274574,0.03747630652585973
E14001112,Bolton West,North West,Lab,74933,44598,12418,17363,1966,0.27844297950580743,0.3893223911386161,0.04408269429122382
E14001113,Bootle,North West,Lab,73037,38880,1674,26729,1301,0.043055555555555555,0.687474279835391,0.0334619341563786
E14001114,Boston and Skegness,East Midlands,Other,75811,40455,13510,7629,1375,0.3339513039179335,0.1885799035965888,0.03398838215300952
E14001115,Bournemouth East,South West,Lab,72354,44910,12837,18316,3082,0.28583834335337344,0.40783789801825876,0.06862614117123135
E14001116,Bournemouth West,South West,Lab,70259,39418,11141,14365,4311,0.28263737378862447,0.36442741894565933,0.10936627936475722
E14001117,Bracknell,South East,Lab,71660,43837,13999,14783,4768,0.3193421082647079,0.33722654378721173,0.10876656705522732
E14001118,Bradford East,Yorkshire and The Humber,Lab,75164,37216,3450,14098,1910,0.09270206362854685,0.37881556319862425,0.05132201203783319
E14001119,Bradford South,Yorkshire and The Humber,Lab,70999,33042,4853,11833,954,0.14687367592760728,0.3581199685249077,0.028872344289086617
E14001120,Bradford West,Yorkshire and The Humber,Lab,77897,37081,3055,11724,756,0.08238720638601979,0.31617270300153716,0.02038779968177773
E14001121,Braintree,East of England,Con,77673,49028,17414,13744,2879,0.3551847923635474,0.2803296075711838,0.05872154687117565
W07000085,"Brecon, Radnor and Cwm Tawe",Wales,LD,73114,46548,12264,9904,13736,0.2634699664862078,0.21276961416172552,0.2950932370885967
E14001122,Brent East,London,Lab,77547,37802,6323,19370,2635,0.16726628220729062,0.5124067509655573,0.06970530659753452
E14001123,Brent West,London,Lab,80027,41376,13465,17258,3013,0.3254302010827533,0.4171017014694509,0.07281999226604795
E14001124,Brentford and Isleworth,London,Lab,79423,45254,10183,20007,3863,0.22501878287002253,0.4421045653422902,0.08536261987890573
E14001125,Brentwood and Ongar,East of England,Con,75352,48332,17731,11082,5809,0.36685839609368537,0.2292890838367955,0.12018952246958536
W07000086,Bridgend,Wales,Lab,73168,41374,6764,16516,1446,0.1634843138202736,0.39918789577995845,0.034949485183931935
E14001126,Bridgwater,South West,Con,71571,40129,12281,10932,5781,0.30603802736175834,0.27242144085324826,0.14406040519325175
E14001127,Bridlington and The Wolds,Yorkshire and The Humber,Con,74438,42937,14846,11721,3097,0.3457623960686587,0.2729813447609288,0.07212893308801267
E14001128,Brigg and Immingham,Yorkshire and The Humber,Con,73099,42508,15905,12662,1442,0.37416486308459584,0.29787334148866096,0.03392302625388162
E14001129,Brighton Kemptown and Peacehaven,South East,Lab,68784,40686,8230,17893,3949,0.2022808828589687,0.43978272624489995,0.09706041390158777
E14001130,Brighton Pavilion,South East,Other,74786,52363,3975,14519,1604,0.07591238087962875,0.2772759391173157,0.030632316712182268
E14001131,Bristol Central,South West,Other,62735,43365,1998,14132,1162,0.04607402282947077,0.32588493024328374,0.026795803066989508
E14001132,Bristol East,South West,Lab,75917,46109,6435,20748,2713,0.13956060638920817,0.44997722787308336,0.05883883840464985
E14001133,Bristol North East,South West,Lab,70076,41989,6216,19004,1964,0.14803877205934887,0.4525947271904546,0.04677415513586892
E14001134,Bristol North West,South West,Lab,74869,48464,6773,24058,4159,0.13975321888412018,0.49640970617365465,0.08581627599867943
E14001135,Bristol South,South West,Lab,75533,43403,4947,18521,2721,0.11397829643112227,0.42672165518512545,0.06269151901942262
E14001136,Broadland and Fakenham,East of England,Con,76863,49513,16322,15603,5526,0.3296507987801183,0.3151293599660695,0.11160705269323208
E14001137,Bromley and Biggin Hill,London,Con,70713,46788,15929,15627,4352,0.34045054287424126,0.33399589638368815,0.09301530306916303
E14001138,Bromsgrove,West Midlands,Con,76468,50405,16533,13517,7391,0.32800317428826503,0.2681678404920147,0.14663227854379526
E14001139,Broxbourne,East of England,Con,75210,42952,15810,12952,2688,0.3680853045259825,0.30154591171540324,0.06258148631029987
E14001140,Broxtowe,East Midlands,Lab,70440,47838,11158,19561,3807,0.23324553702077847,0.40890087378234874,0.07958108616580961
E14001141,Buckingham and Bletchley,South East,Lab,74832,47641,15181,17602,4300,0.31865410045968806,0.36947167355848953,0.09025839088180349
E14001142,Burnley,North West,Lab,74954,39719,8058,12598,9178,0.2028751982678315,0.3171781766912561,0.23107328986127545
E14001143,Burton and Uttoxeter,West Midlands,Lab,77994,45627,13956,16222,1663,0.3058715234400684,0.35553509983124026,0.03644771736033489
E14001144,Bury North,North West,Lab,77686,45520,12681,19625,1317,0.27858084358523727,0.43112917398945516,0.028932337434094905
E14001145,Bury South,North West,Lab,75326,42214,9886,19247,1796,0.23418771023830956,0.45593878807978394,0.042545127208982805
E14001146,Bury St Edmunds and Stowmarket,East of England,Lab,78479,50893,15293,16745,3154,0.30049319159805865,0.32902363782838506,0.06197315937358772
W07000087,Caerfyrddin,Wales,Other,74005,45604,8825,10985,1461,0.19351372686606438,0.24087799315849487,0.03203666345057451
W07000088,Caerphilly,Wales,Lab,72648,38234,4385,14538,1788,0.11468849714913427,0.38023748496102944,0.0467646597269446
E14001147,Calder Valley,Yorkshire and The Humber,Lab,77364,49608,13055,22046,2587,0.2631631994839542,0.44440412836639254,0.052148846960167715
E14001148,Camborne and Redruth,South West,Lab,74342,47785,11554,19360,4113,0.24179135712043529,0.40514805901433504,0.08607303547138223
E14001149,Cambridge,East of England,Lab,70321,42100,5073,19614,8536,0.12049881235154394,0.46589073634204275,0.20275534441805226
E14001150,Cannock Chase,West Midlands,Lab,76974,42953,12546,15671,1029,0.29208669941564036,0.3648406397690499,0.023956417479570693
E14001151,Canterbury,South East,Lab,71155,47231,10878,19531,3812,0.23031483559526583,0.41352078084309035,0.08070970337278482
W07000089,Cardiff East,Wales,Lab,72876,39123,3913,15833,6736,0.10001789228842368,0.40469800373182013,0.17217493545995963
W07000090,Cardiff North,Wales,Lab,71460,47473,9642,20849,3168,0.20310492279822215,0.4391759526467676,0.06673266909611779
W07000091,Cardiff South and Penarth,Wales,Lab,73060,39176,5459,17428,2908,0.13934551766387585,0.44486420257300385,0.07422911986930773
W07000092,Cardiff West,Wales,Lab,75697,44757,6835,16442,1921,0.15271354201577406,0.3673615300399937,0.042920660455347766
E14001152,Carlisle,North West,Lab,77863,45979,12929,18129,2982,0.2811935883773027,0.39428869701385416,0.06485569499119163
E14001153,Carshalton and Wallington,London,LD,74362,46670,12221,6108,20126,0.26185986715234627,0.13087636597385902,0.43124062566959503
E14001154,Castle Point,East of England,Con,71026,40633,15485,9455,1341,0.3810941845298157,0.23269263898801468,0.033002731769743804
E14001155,Central Devon,South West,Con,75385,53432,16831,16770,8232,0.31499850276987573,0.31385686480011976,0.15406497978739334
E14001156,Central Suffolk and North Ipswich,East of England,Con,73046,46423,15144,10854,5407,0.3262176076513797,0.23380651832066002,0.11647243823104926
W07000093,Ceredigion Preseli,Wales,Other,75690,46302,4763,5386,6949,0.10286812664679712,0.11632326897326249,0.15007991015506889
E14001157,Chatham and Aylesford,South East,Lab,75109,40845,11691,13689,2175,0.28622842453176645,0.33514506059493204,0.05325009181050312
E14001158,Cheadle,North West,LD,74383,50731,11446,7909,23681,0.22562141491395793,0.15590073130827306,0.46679545051349275
E14001159,Chelmsford,East of England,LD,76970,50716,15461,6108,20214,0.3048544837920972,0.12043536556510766,0.39857244262165786
E14001160,Chelsea and Fulham,London,Lab,78468,47116,18404,18556,3611,0.3906104083538501,0.39383648866627047,0.07664063163256643
E14001161,Cheltenham,South West,LD,76144,49542,17866,2665,25076,0.36062330951515886,0.05379274151225223,0.5061563925558112
E14001162,Chesham and Amersham,South East,LD,74889,54455,18971,3502,24422,0.3483793958314204,0.06430998071802406,0.4484803966577908
E14001163,Chester North and Neston,North West,Lab,70215,44694,10388,22258,2076,0.23242493399561462,0.49800868125475456,0.04644918781044435
E14001164,Chester South and Eddisbury,North West,Con,74284,52486,19905,16848,5430,0.37924398887322336,0.3209998856838014,0.10345615973783485
E14001165,Chesterfield,East Midlands,Lab,71645,41555,8496,19316,2553,0.20445193117555047,0.4648297437131512,0.06143665022259656
E14001166,Chichester,South East,LD,78374,51947,13368,3175,25540,0.25733921111902514,0.06111998767975051,0.49165495601285925
E14001167,Chingford and Woodford Green,London,Con,74010,48512,17281,12524,1275,0.3562211411609499,0.25816292875989444,0.026282156992084433
E14001168,Chippenham,South West,LD,74107,49512,14414,3925,22552,0.29112134432056874,0.07927371142349329,0.45548553885926646
E14001169,Chipping Barnet,London,Lab,78038,50859,18671,21585,2614,0.36711299868263236,0.4244086592343538,0.05139699954776932
E14001170,Chorley,North West,Other,74801,33964,0,0,0,0,0,0
E14001171,Christchurch,South West,Con,71060,47335,16941,7762,9486,0.3578958487377205,0.1639801415443118,0.20040139431710152
E14001172,Cities of London and Westminster,London,Lab,73369,39215,12594,15302,4335,0.321152620170853,0.39020782863700115,0.11054443452760424
E14001173,City of Durham,North East,Lab,70583,40627,5221,19131,5920,0.12851059640140794,0.4708937406158466,0.1457159032170724
E14001174,Clacton,East of England,Other,78245,45958,12820,7448,2016,0.2789503459680578,0.1620610122285565,0.04386613864833108
E14001175,Clapham and Brixton Hill,London,Lab,83114,42741,4360,24166,6161,0.10200977983669077,0.5654055824618048,0.14414730586556235
W07000094,Clwyd East,Wales,Lab,76637,47822,13862,18484,1859,0.2898665885993894,0.3865166659696374,0.03887332190205345
W07000095,Clwyd North,Wales,Lab,75027,41627,13598,14794,1685,0.3266629831599683,0.35539433540730775,0.040478535565858696
E14001176,Colchester,East of England,Lab,78662,44903,10554,18804,6393,0.23503997505734583,0.4187693472596486,0.14237356078658442
E14001177,Colne Valley,Yorkshire and The Humber,Lab,72638,46221,14007,18970,2007,0.3030440708768741,0.41041950628502194,0.04342182125008113
E14001178,Congleton,North West,Lab,74243,50125,15488,18875,2785,0.30898753117206984,0.3765586034912718,0.05556109725685786
E14001179,Corby and East Northamptonshire,East Midlands,Lab,78770,49589,14689,21020,2191,0.2962148863659279,0.4238843291859082,0.044183185787170544
E14001180,Coventry East,West Midlands,Lab,75773,37014,6240,18308,1227,0.1685848597827849,0.4946236559139785,0.033149619063057224
E14001181,Coventry North West,West Midlands,Lab,75036,42030,8522,19696,1931,0.20275993338091838,0.4686176540566262,0.04594337378063288
E14001182,Coventry South,West Midlands,Lab,76232,42731,10160,20361,2531,0.2377664927102104,0.4764924761882474,0.05923100325290773
E14001183,Cramlington and Killingworth,North East,Lab,76228,45394,8592,22274,1898,0.18927611578622724,0.49068158787504956,0.041811693175309514
E14001184,Crawley,South East,Lab,75569,45642,12218,17453,2205,0.2676920380351431,0.3823890276499715,0.048310766399369
E14001185,Crewe and Nantwich,North West,Lab,78423,47197,11110,20837,2286,0.23539631756255694,0.4414899252071106,0.04843528190351082
E14001186,Croydon East,London,Lab,76595,43779,11716,18541,3563,0.2676168939445853,0.42351355672811164,0.08138605267365633
E14001187,Croydon South,London,Con,74889,49378,19757,17444,4384,0.40011746121754627,0.35327473773745394,0.08878447891773665
E14001188,Croydon West,London,Lab,77891,38122,6386,20612,3667,0.16751482083836106,0.5406851686690101,0.0961911756990714
E14001189,Dagenham and Rainham,London,Lab,76475,38867,6926,16571,1033,0.17819744256052691,0.4263514035042581,0.026577816656803973
E14001190,Darlington,North East,Lab,70672,42378,14323,16621,1735,0.33798197177780925,0.3922082212468734,0.04094105432063807
E14001191,Dartford,South East,Lab,75426,44488,14200,15392,2184,0.3191871965473836,0.3459809386800935,0.0490918899478511
E14001192,Daventry,East Midlands,Con,80879,53082,17872,14860,6755,0.33668663577107116,0.2799442372178893,0.127255943634377
E14001193,Derby North,East Midlands,Lab,71879,40919,9704,18619,1822,0.23715144553874729,0.4550208949387815,0.04452699235074171
E14001194,Derby South,East Midlands,Lab,72944,37399,5192,14503,1807,0.13882724137009012,0.3877911174095564,0.048316799914436215
E14001195,Derbyshire Dales,East Midlands,Lab,73324,51272,17409,17759,4860,0.3395420502418474,0.346368388204088,0.09478857856139804
E14001196,Dewsbury and Batley,Yorkshire and The Humber,Other,71685,38070,4182,8707,1340,0.10985027580772262,0.22871027055424217,0.035198318886262146
E14001197,Didcot and Wantage,South East,LD,80689,54733,15560,8045,21793,0.28428918568322586,0.14698627884457274,0.3981692945754846
E14001198,Doncaster Central,Yorkshire and The Humber,Lab,74678,37944,7964,17515,1199,0.20988825637781994,0.4616013071895425,0.03159919881931267
E14001199,Doncaster East and the Isle of Axholme,Yorkshire and The Humber,Lab,70154,39132,12811,15122,1166,0.32737912705713995,0.3864356536849637,0.029796585914341204
E14001200,Doncaster North,Yorkshire and The Humber,Lab,69759,31002,7105,16231,1045,0.22917876266047352,0.5235468679440036,0.0337075027417586
E14001201,Dorking and Horley,South East,LD,71645,49965,15530,4053,20921,0.3108175723006104,0.08111678174722306,0.41871309916941857
E14001202,Dover and Deal,South East,Lab,76406,47775,10370,18940,2595,0.21705913134484564,0.3964416535845107,0.054317111459968606
E14001203,Droitwich and Evesham,West Midlands,Con,76624,49609,19975,10980,5131,0.4026487129351529,0.22133080691003648,0.10342881332016368
E14001204,Dudley,West Midlands,Lab,70151,35796,10315,12215,1056,0.2881606883450665,0.3412392446083361,0.02950050284948039
E14001205,Dulwich and West Norwood,London,Lab,79894,45378,3873,27356,3485,0.08534972894354093,0.6028471946758341,0.07679933007184098
E14001206,Dunstable and Leighton Buzzard,East of England,Lab,76742,46045,14309,14976,6497,0.310761211857965,0.3252470409382126,0.14110109675317625
W07000096,Dwyfor Meirionnydd,Wales,Other,73040,40395,4712,5912,1381,0.11664810001237777,0.1463547468746132,0.0341873994306226
E14001207,Ealing Central and Acton,London,Lab,78436,47769,8345,22340,6056,0.17469488580460132,0.4676673156231029,0.1267767799200318
E14001208,Ealing North,London,Lab,74820,43232,8144,20663,2543,0.18837897853441896,0.4779561435973353,0.05882216876387861
E14001209,Ealing Southall,London,Lab,78669,46816,7207,23000,2832,0.1539430963773069,0.491285030758715,0.06049213943950786
E14001210,Earley and Woodley,South East,Lab,73548,45914,17361,18209,6142,0.3781199634098532,0.39658927560221285,0.13377183429890666
E14001211,Easington,North East,Lab,69395,34324,3753,16774,811,0.10934040321640834,0.48869595618226314,0.023627782309754108
E14001212,East Grinstead and Uckfield,South East,Con,75385,50393,19319,10440,10839,0.3833667374436926,0.20717163098049332,0.21508939733693172
E14001213,East Ham,London,Lab,79219,37892,3876,19570,1210,0.10229072099651641,0.5164678560118231,0.031932861817797954
E14001214,East Hampshire,South East,Con,70659,50006,18509,4867,17234,0.3701355837299524,0.09732832060152782,0.3446386433627965
E14001215,East Surrey,South East,Con,73307,49196,17502,10052,8833,0.35576063094560534,0.20432555492316448,0.17954711765184161
E14001216,East Thanet,South East,Lab,74927,42713,10083,17054,1365,0.23606396179149206,0.39926954323039826,0.03195748367007702
E14001217,East Wiltshire,South West,Con,74139,47193,16849,12133,8204,0.3570232873519378,0.25709321297650073,0.17383934058017078
E14001218,East Worthing and Shoreham,South East,Lab,74738,49078,12601,22120,3180,0.2567545539753046,0.450711112922287,0.06479481641468683
E14001219,Eastbourne,South East,LD,72590,45605,11538,2689,23742,0.25299857471768444,0.05896283302269488,0.5206008113145488
E14001220,Eastleigh,South East,LD,69965,46420,14424,7005,15970,0.3107281344248169,0.1509047824213701,0.34403274450667815
E14001221,Edmonton and Winchmore Hill,London,Lab,75792,41045,7888,20520,2721,0.19217931538555244,0.4999390912413205,0.06629309294676575
E14001222,Ellesmere Port and Bromborough,North West,Lab,70799,41964,5210,24186,2328,0.124154036793442,0.5763511581355447,0.05547612239062053
E14001223,Eltham and Chislehurst,London,Lab,73979,45566,11640,20069,2423,0.2554536277048677,0.44043804591142516,0.05317561339595312
E14001224,Ely and East Cambridgeshire,East of England,LD,79112,52369,16632,9160,17127,0.3175924688269778,0.17491263915675304,0.3270446256373045
E14001225,Enfield North,London,Lab,78770,43492,8632,21368,2517,0.1984732824427481,0.4913087464361262,0.05787271222293755
E14001226,Epping Forest,East of England,Con,72229,41753,18038,12356,5268,0.43201686106387566,0.29593083131751013,0.12617057456949202
E14001227,Epsom and Ewell,South East,LD,76513,54525,16988,8325,20674,0.3115635029802843,0.15268225584594222,0.3791655204034846
E14001228,Erewash,East Midlands,Lab,71501,43006,11365,17224,2426,0.2642654513323722,0.4005022554992327,0.05641073338603916
E14001229,Erith and Thamesmead,London,Lab,78740,40379,5564,22246,1872,0.13779439807820898,0.5509299388295896,0.04636073206369647
E14001230,Esher and Walton,South East,LD,74042,53880,16312,2846,28315,0.30274684484038605,0.05282108389012621,0.5255196733481812
E14001231,Exeter,South West,Lab,67840,40195,6288,18225,4201,0.15643736783181988,0.4534146038064436,0.10451548700087075
E14001232,Exmouth and Exeter East,South West,Con,79983,51316,14728,14607,11387,0.2870060020266583,0.2846480629823057,0.2218996024631694
E14001233,Fareham and Waterlooville,South East,Con,76947,50123,17561,11482,9533,0.3503581190271931,0.22907647187917723,0.19019212736667798
E14001234,Farnham and Bordon,South East,Con,75920,53015,18951,7328,17602,0.3574648684334622,0.13822503065170236,0.33201923983778175
E14001235,Faversham and Mid Kent,South East,Con,74301,46594,14816,13347,4158,0.31798085590419367,0.2864531913980341,0.08923895780572606
E14001236,Feltham and Heston,London,Lab,76982,38887,8195,16139,1821,0.2107388073134981,0.4150230154036053,0.046827988788026846
E14001237,Filton and Bradley Stoke,South West,Lab,77582,50367,12905,22905,3596,0.2562193499712113,0.45476204657811664,0.07139595369984315
E14001238,Finchley and Golders Green,London,Lab,77500,49289,17276,21857,3375,0.3505041692872649,0.4434457992655562,0.06847369595650145
E14001239,Folkestone and Hythe,South East,Lab,70056,43246,11291,15020,1736,0.2610877306571706,0.3473153586458863,0.04014244091939139
E14001240,Forest of Dean,South West,Lab,72857,48091,16095,16373,2604,0.3346780062797613,0.34045871368863195,0.05414734565719157
E14001241,Frome and East Somerset,South West,LD,71593,46716,11165,6416,16580,0.23899734566315609,0.13734052572994263,0.35491052316122956
E14001242,Fylde,North West,Con,77100,47960,15917,15356,2120,0.33188073394495415,0.3201834862385321,0.04420350291909925
E14001243,Gainsborough,East Midlands,Con,75836,46685,16636,13104,5001,0.3563457213237657,0.28068972903502193,0.10712220199207455
E14001244,Gateshead Central and Whickham,North East,Lab,69827,40217,4628,18245,4987,0.11507571425019271,0.45366387348633663,0.12400228758982519
E14001245,Gedling,East Midlands,Lab,77006,48722,11397,23278,2473,0.23391896884364352,0.4777718484462871,0.05075735807232872
E14001246,Gillingham and Rainham,South East,Lab,73523,41140,11590,15562,2248,0.2817209528439475,0.3782693242586291,0.054642683519688866
E14001247,Glastonbury and Somerton,South West,LD,73268,47642,13753,3111,20364,0.28867385919986566,0.06529952562864699,0.4274379748961001
E14001248,Gloucester,South West,Lab,79475,45692,13041,16472,4759,0.2854110128687735,0.36050074411275496,0.1041539000262628
E14001249,Godalming and Ash,South East,Con,75816,54696,23293,2748,22402,0.42586295158695336,0.050241333918385256,0.40957291209594854
E14001250,Goole and Pocklington,Yorkshire and The Humber,Con,79925,49742,18981,15409,3380,0.38158899923605805,0.3097784568372804,0.06795062522616702
E14001251,Gorton and Denton,North West,Lab,76524,36560,2888,18555,1399,0.07899343544857768,0.5075218818380745,0.03826586433260394
E14001252,Gosport,South East,Con,73261,44277,17830,11776,4039,0.40269214264742414,0.265962011879757,0.09122117577975021
W07000097,Gower,Wales,Lab,76123,47229,8913,20480,2593,0.18871879565521185,0.43363187871858394,0.054902708081898836
E14001253,Grantham and Bourne,East Midlands,Con,73285,46125,16770,12274,2027,0.36357723577235773,0.2661029810298103,0.04394579945799458
E14001254,Gravesham,South East,Lab,73094,43232,13911,16623,1534,0.3217755366395263,0.38450684678016284,0.03548297557364915
E14001255,Great Grimsby and Cleethorpes,Yorkshire and The Humber,Lab,76157,36619,8269,15336,1036,0.2258117370763811,0.4187989841339195,0.02829132417597422
E14001256,Great Yarmouth,East of England,Other,73317,40748,10034,12959,1102,0.24624521448905468,0.3180278786688917,0.027044272111514677
E14001257,Greenwich and Woolwich,London,Lab,73073,42719,4863,23999,3865,0.11383693438516819,0.5617874950256326,0.09047496430159882
E14001258,Guildford,South East,LD,70662,48294,14508,3931,22937,0.3004099888184868,0.08139727502381248,0.47494512775914194
E14001259,Hackney North and Stoke Newington,London,Lab,77812,40959,3457,24355,1562,0.08440147464537709,0.5946190092531556,0.03813569667228204
E14001260,Hackney South and Shoreditch,London,Lab,78277,41701,2076,24724,1996,0.049782978825447834,0.5928874607323565,0.04786455960288722
E14001261,Halesowen,West Midlands,Lab,68549,38578,10659,15023,2261,0.2762973715589196,0.3894188397532272,0.05860853336098294
E14001262,Halifax,Yorkshire and The Humber,Lab,77516,40214,7866,14135,2359,0.19560352116178445,0.35149450440145225,0.058661162779131644
E14001263,Hamble Valley,South East,Con,79478,54004,19671,8753,14869,0.36425079623731577,0.1620805866232131,0.27533145692911637
E14001264,Hammersmith and Chiswick,London,Lab,75860,46021,8783,24073,4292,0.1908476565046392,0.5230872862388909,0.09326177179983051
E14001265,Hampstead and Highgate,London,Lab,80029,48550,8462,23432,6181,0.17429454170957775,0.48263645726055615,0.12731204943357363
E14001266,"Harborough, Oadby and Wigston",East Midlands,Con,77075,50386,18614,16236,4732,0.369428015718652,0.32223236613344974,0.09391497638232843
E14001267,Harlow,East of England,Lab,74683,43357,13809,16313,1350,0.3184952833452499,0.37624835666674356,0.031136840648568857
E14001268,Harpenden and Berkhamsted,East of England,LD,72242,54336,16574,4061,27282,0.30502797408716137,0.07473866313309777,0.5020980565371025
E14001269,Harrogate and Knaresborough,Yorkshire and The Humber,LD,77955,52064,15738,4153,23976,0.3022818070067609,0.07976720958819913,0.4605101413644745
E14001270,Harrow East,London,Con,76513,47777,25466,13786,1511,0.5330179793624548,0.28854888335391504,0.03162609623877598
E14001271,Harrow West,London,Lab,79902,45241,13191,19833,2404,0.29157180433677415,0.438385535244579,0.05313764063570655
E14001272,Hartlepool,North East,Lab,71437,35511,7767,16414,572,0.21872095970262737,0.4622229731632452,0.016107684942693812
E14001273,Harwich and North Essex,East of England,Con,76296,48043,16522,15360,3561,0.34390025602064817,0.3197135899090398,0.07412109984805279
E14001274,Hastings and Rye,South East,Lab,75939,45990,10481,19134,2586,0.2278973689932594,0.4160469667318982,0.05622961513372472
E14001275,Havant,South East,Con,72323,42186,12986,12894,3275,0.3078272412648746,0.3056464229839283,0.07763238989238136
E14001276,Hayes and Harlington,London,Lab,74405,38315,8374,20405,1316,0.21855670103092784,0.5325590499804255,0.034346861542476834
E14001277,Hazel Grove,North West,LD,72846,45998,9011,10828,17328,0.19589982173137963,0.2354015391973564,0.37671203095786776
E14001278,Hemel Hempstead,East of England,Lab,71035,44108,11987,16844,5096,0.27176475922735105,0.38188083794323024,0.11553459689852182
E14001279,Hendon,London,Lab,74865,41256,15840,15855,1966,0.38394415357766143,0.3843077370564282,0.0476536746170254
E14001280,Henley and Thame,South East,LD,73749,53157,17637,3574,23904,0.3317907331113494,0.06723479504110465,0.44968677690614595
E14001281,Hereford and South Herefordshire,West Midlands,Con,72203,45572,14871,13592,5325,0.32631879224084964,0.298253313438076,0.11684806460107083
E14001282,Herne Bay and Sandwich,South East,Con,77869,48827,17243,14744,2709,0.3531447764556495,0.30196407725233987,0.05548159829602474
E14001283,Hertford and Stortford,East of England,Lab,78915,54009,16060,20808,4167,0.29735784776611307,0.38526912181303113,0.07715380769871688
E14001284,Hertsmere,East of England,Con,73465,48007,21451,13459,3710,0.44683067052721476,0.2803549482367155,0.07728039660882788
E14001285,Hexham,North East,Lab,76431,51828,20275,23988,2376,0.39119780813459903,0.46283862005093773,0.0458439453577217
E14001286,Heywood and Middleton North,North West,Lab,73328,37130,6423,15069,2302,0.17298680312415837,0.40584433072986803,0.061998384056019394
E14001287,High Peak,East Midlands,Lab,74385,49206,14625,22533,1707,0.29721985123765393,0.45793195951713206,0.03469089135471284
E14001288,Hinckley and Bosworth,East Midlands,Con,76438,47799,17032,8601,11624,0.35632544613904055,0.17994100294985252,0.24318500387037387
E14001289,Hitchin,East of England,Lab,75877,52510,14958,23067,4913,0.2848600266615883,0.43928775471338793,0.09356313083222244
E14001290,Holborn and St Pancras,London,Lab,71300,38602,2776,18884,2236,0.0719133723641262,0.4891974509092793,0.057924459872545464
E14001291,Honiton and Sidmouth,South West,LD,75537,50655,16307,2947,23007,0.3219228111736255,0.05817786990425427,0.4541901095647024
E14001292,Hornchurch and Upminster,London,Con,75438,46911,15260,12939,2381,0.32529683869454923,0.275820170109356,0.050755686299588584
E14001293,Hornsey and Friern Barnet,London,Lab,69885,48642,4011,28535,6099,0.08245960281238436,0.5866329509477406,0.1253854693474775
E14001294,Horsham,South East,LD,79150,55499,19115,5979,21632,0.3444206201913548,0.10773167084091605,0.3897727886988955
E14001295,Houghton and Sunderland South,North East,Lab,78448,40032,5514,18837,2290,0.13773980815347722,0.4705485611510791,0.05720423661071143
E14001296,Hove and Portslade,South East,Lab,74063,51909,6630,27209,3046,0.1277235161532682,0.5241672927623341,0.05867961239862066
E14001297,Huddersfield,Yorkshire and The Humber,Lab,77795,40165,6559,15101,1741,0.1633013818000747,0.3759741068094112,0.04334619693763227
E14001298,Huntingdon,East of England,Con,79074,52040,18257,16758,4821,0.350826287471176,0.32202152190622596,0.0926402767102229
E14001299,Hyndburn,North West,Lab,67147,36374,10499,12186,1210,0.2886402375323033,0.33501951943696046,0.03326551932699181
E14001300,Ilford North,London,Lab,78657,46888,9619,15647,1088,0.20514843883296366,0.33371011772735026,0.023204231359836205
E14001301,Ilford South,London,Lab,80993,41170,6142,16537,1340,0.1491863007043964,0.4016759776536313,0.0325479718241438
E14001302,Ipswich,East of England,Lab,75396,44071,11696,19099,2241,0.2653899389621293,0.4333688820312677,0.05084976515168705
E14001303,Isle of Wight East,South East,Con,55855,34078,10427,6264,3550,0.3059745290216562,0.18381360408474676,0.10417278009272844
E14001304,Isle of Wight West,South East,Lab,55406,34290,10063,13240,2726,0.29346748323126276,0.38611840186643337,0.0794983960338291
E14001305,Islington North,London,Other,72852,49006,1950,16873,1661,0.039791045994368036,0.34430477900665224,0.03389380892135657
E14001306,Islington South and Finsbury,London,Lab,74122,42754,3584,22946,4045,0.08382841371567573,0.5366983206249708,0.09461103054684941
E14001307,Jarrow and Gateshead East,North East,Lab,70272,36728,3354,18856,1740,0.09131997386190373,0.5133957743411022,0.04737529949901982
E14001308,Keighley and Ilkley,Yorkshire and The Humber,Con,74367,46186,18589,16964,970,0.4024812713809379,0.3672974494435543,0.021002035248776686
E14001309,Kenilworth and Southam,West Midlands,Con,74923,53320,19395,12821,10464,0.36374718679669915,0.24045386346586647,0.1962490622655664
E14001310,Kensington and Bayswater,London,Lab,77306,41908,14122,17025,2910,0.33697623365467216,0.40624701727593776,0.0694378161687506
E14001311,Kettering,East Midlands,Lab,79360,50231,14189,18009,1357,0.282474965658657,0.35852362087157336,0.02701518982301766
E14001312,Kingston and Surbiton,London,LD,77353,50664,8635,6561,25870,0.17043660192641719,0.1295002368545713,0.510618979946313
E14001313,Kingston upon Hull East,Yorkshire and The Humber,Lab,70650,29816,2715,13047,3252,0.0910584920847867,0.4375838475986048,0.10906895626509257
E14001314,Kingston upon Hull North and Cottingham,Yorkshire and The Humber,Lab,75280,38228,4897,18480,3246,0.1280998221199121,0.48341529768755886,0.08491158313278226
E14001315,Kingston upon Hull West and Haltemprice,Yorkshire and The Humber,Lab,73252,38178,6924,17875,2625,0.18136099324218136,0.4682015820629682,0.06875687568756876
E14001316,Kingswinford and South Staffordshire,West Midlands,Con,71645,45180,18199,11896,2080,0.40281097830898627,0.26330234617087206,0.046038069942452416
E14001317,Knowsley,North West,Lab,71964,36047,1496,24243,1232,0.04150137320720171,0.6725386301217855,0.03417760146475435
E14001318,Lancaster and Wyre,North West,Lab,74760,43008,10062,19315,1529,0.23395647321428573,0.44910249255952384,0.03555152529761905
E14001319,Leeds Central and Headingley,Yorkshire and The Humber,Lab,70554,31595,2237,15853,2611,0.0708023421427441,0.5017566070580788,0.08263965817376168
E14001320,Leeds East,Yorkshire and The Humber,Lab,76207,39388,6898,18610,1445,0.1751294810602214,0.47247892759216004,0.03668630039605971
E14001321,Leeds North East,Yorkshire and The Humber,Lab,70178,45167,7177,23260,2168,0.15889919631589436,0.514977749241703,0.04799964575907189
E14001322,Leeds North West,Yorkshire and The Humber,Lab,71592,49777,10986,22882,5641,0.22070434136247666,0.4596902183739478,0.11332543142415172
E14001323,Leeds South,Yorkshire and The Humber,Lab,75953,31678,4172,17117,1340,0.1317002336006061,0.5403434560262643,0.04230065029357914
E14001324,Leeds South West and Morley,Yorkshire and The Humber,Lab,71854,40209,9258,17681,1798,0.23024695963590242,0.4397274242085105,0.044716357034494766
E14001325,Leeds West and Pudsey,Yorkshire and The Humber,Lab,70069,38494,6584,18976,1743,0.17103964254169482,0.4929599418091131,0.04527978386242012
E14001326,Leicester East,East Midlands,Con,76560,46714,14526,10100,6329,0.310956030312112,0.21620927345121377,0.13548400907650812
E14001327,Leicester South,East Midlands,Other,70867,41837,4820,13760,1425,0.11520902550374071,0.32889547529698593,0.034060759614695124
E14001328,Leicester West,East Midlands,Lab,74102,35397,7021,15798,2179,0.1983501426674577,0.44630900923807104,0.061558889171398706
E14001329,Leigh and Atherton,North West,Lab,79978,41170,6483,19971,1597,0.15746903084770464,0.48508622783580274,0.03879038134564003
E14001330,Lewes,South East,LD,76166,53173,14271,3574,26895,0.2683880917006752,0.06721456378237076,0.5058018167114889
E14001331,Lewisham East,London,Lab,73380,40637,4401,23646,2471,0.10830031744469326,0.5818835051800084,0.06080665403450058
E14001332,Lewisham North,London,Lab,74205,44167,2701,25467,3284,0.06115425543958159,0.5766069690040075,0.07435415581769195
E14001333,Lewisham West and East Dulwich,London,Lab,69386,46414,3477,27406,3558,0.07491274184513294,0.5904683931572371,0.07665790494247425
E14001334,Leyton and Wanstead,London,Lab,71491,43732,4846,20755,2815,0.1108113052227202,0.47459526205067226,0.06436934052867466
E14001335,Lichfield,West Midlands,Lab,76118,49104,16422,17232,3572,0.33443304007820135,0.3509286412512219,0.07274356467904855
E14001336,Lincoln,East Midlands,Lab,72315,42160,9677,18470,2580,0.2295303605313093,0.43809297912713474,0.061195445920303605
E14001337,Liverpool Garston,North West,Lab,69282,41993,2943,24510,3239,0.07008310908961017,0.5836687066892101,0.07713190293620366
E14001338,Liverpool Riverside,North West,Lab,71380,32381,1155,20039,1544,0.03566906519255119,0.6188505605138815,0.047682282820172325
E14001339,Liverpool Walton,North West,Lab,69317,36886,1282,26032,945,0.034755733882773955,0.7057420159410074,0.02561947622404164
E14001340,Liverpool Wavertree,North West,Lab,70581,39815,1887,23077,2759,0.04739419816652016,0.5796056762526686,0.06929549164887605
E14001341,Liverpool West Derby,North West,Lab,69934,38006,1566,25302,1276,0.041204020417828766,0.66573698889649,0.033573646266378994
W07000098,Llanelli,Wales,Lab,71538,40744,4275,12751,1254,0.10492342430787355,0.31295405458472414,0.030777537796976243
E14001342,Loughborough,East Midlands,Lab,68961,42259,12289,17249,2561,0.29080195934593817,0.4081734068482453,0.060602475212380796
E14001343,Louth and Horncastle,East Midlands,Con,76880,46479,17441,10475,2364,0.375244734181028,0.2253705974741281,0.0508616794681469
E14001344,Lowestoft,East of England,Lab,74332,41824,12448,14464,1489,0.297628156082632,0.3458301453710788,0.03560156847742923
E14001345,Luton North,East of England,Lab,74866,38745,7167,14677,1890,0.18497870692992643,0.3788101690540715,0.04878048780487805
E14001346,Luton South and South Bedfordshire,East of England,Lab,77312,38382,6735,13593,2400,0.17547287791152102,0.3541503829920275,0.06252931061435048
E14001347,Macclesfield,North West,Lab,76416,52792,15552,24672,2482,0.294590089407486,0.46734353689953023,0.04701469919684801
E14001348,Maidenhead,South East,LD,75687,50329,18932,5766,21895,0.3761648353831787,0.11456615470206044,0.43503745355560414
E14001349,Maidstone and Malling,South East,Con,76449,46389,14146,12472,6375,0.30494298217249777,0.2688568410614585,0.137424820539352
E14001350,Makerfield,North West,Lab,76641,40263,4379,18202,2735,0.10875990363360902,0.45207758984675755,0.06792837096093188
E14001351,Maldon,East of England,Con,78282,49841,19374,9817,5882,0.3887161172528641,0.1969663530025481,0.11801528861780462
E14001352,Manchester Central,North West,Lab,85204,39725,2823,20184,3051,0.07106356198867213,0.5080931403398363,0.07680302076777848
E14001353,Manchester Rusholme,North West,Lab,72608,29033,1678,15054,0,0.05779630076120277,0.5185134157682637,0
E14001354,Manchester Withington,North West,Lab,70555,41731,2280,22066,5412,0.0546356425678752,0.5287675828520764,0.12968776209532482
E14001355,Mansfield,East Midlands,Lab,74535,41087,12563,16048,799,0.30576581400442965,0.3905858300679047,0.019446540268211358
E14001356,Melksham and Devizes,South West,LD,73482,51203,17630,4587,20031,0.34431576274827647,0.08958459465265707,0.3912075464328262
E14001357,Melton and Syston,East Midlands,Con,74316,45986,17526,12130,2547,0.3811159918235985,0.26377593180533204,0.055386421954507895
E14001358,Meriden and Solihull East,West Midlands,Con,73659,44035,16792,12208,3353,0.38133303054388556,0.27723401839445894,0.07614397638242307
W07000099,Merthyr Tydfil and Aberdare,Wales,Lab,74460,35215,2687,15791,1276,0.07630271191253728,0.44841686781201195,0.03623455913673151
W07000100,Mid and South Pembrokeshire,Wales,Lab,79033,46629,14627,16505,2372,0.31368890604559396,0.3539642711617234,0.05086963048746488
E14001359,Mid Bedfordshire,East of England,Con,75457,49621,16912,15591,4068,0.340823441687995,0.3142016484955966,0.08198141915721166
E14001360,Mid Buckinghamshire,South East,Con,75622,53951,20150,9171,14278,0.3734870530666716,0.16998758132379382,0.26464755055513334
E14001361,Mid Cheshire,North West,Lab,70384,41509,9530,18457,2465,0.2295887638825315,0.44465055771037604,0.059384711749259196
E14001362,Mid Derbyshire,East Midlands,Lab,69917,47543,15468,17346,2361,0.3253475800853964,0.36484866331531457,0.04966030751109522
E14001363,Mid Dorset and North Poole,South West,LD,75294,49514,20090,4566,21442,0.4057438300278709,0.09221634285252656,0.4330492385991841
E14001364,Mid Leicestershire,East Midlands,Con,75924,48050,17735,15534,2444,0.3690946930280957,0.3232882414151925,0.0508636836628512
E14001365,Mid Norfolk,East of England,Con,75238,45897,16770,13716,3126,0.3653833583894372,0.29884306163801555,0.06810902673377345
E14001366,Mid Sussex,South East,LD,75969,53328,14474,9397,21136,0.2714146414641464,0.17621137113711371,0.39633963396339633
E14001367,Middlesbrough and Thornaby East,North East,Lab,75123,34407,6174,16238,1037,0.17944023018571803,0.47193884965268695,0.030139215857238354
E14001368,Middlesbrough South and East Cleveland,North East,Lab,70331,38035,16254,16468,2032,0.4273432364927041,0.43296963323254894,0.05342447745497568
E14001369,Milton Keynes Central,South East,Lab,81078,47729,12918,20209,4931,0.27065306207965806,0.4234113432085315,0.1033124515493725
E14001370,Milton Keynes North,South East,Lab,70709,45977,13888,19318,3365,0.3020640755160189,0.42016660504165126,0.07318876829719208
E14001371,Mitcham and Morden,London,Lab,77282,45255,6324,25085,3622,0.13974146503148824,0.5543033918903989,0.08003535520936914
W07000101,Monmouthshire,Wales,Lab,74823,50844,17672,21010,2279,0.3475729682951774,0.4132247659507513,0.044823381323263314
W07000102,Montgomeryshire and Glyndŵr,Wales,Lab,74039,43259,7775,12709,6470,0.17973138537645345,0.29378857578769735,0.14956425252548602
E14001372,Morecambe and Lunesdale,North West,Lab,76424,48059,13788,19603,4769,0.2868973553340685,0.4078944630558272,0.09923219376183441
W07000103,Neath and Swansea East,Wales,Lab,76291,40137,3765,16797,2344,0.09380372225128933,0.4184916660438,0.05839998006826619
E14001373,New Forest East,South East,Con,70618,45230,17412,8917,7198,0.38496573070970597,0.19714791067875304,0.15914216228167147
E14001374,New Forest West,South East,Con,68644,46337,16412,10812,8186,0.3541877980879211,0.2333340527008654,0.17666227852472108
E14001375,Newark,East Midlands,Con,79783,53459,20968,17396,3026,0.39222581791653416,0.32540825679492696,0.05660412652687106
E14001376,Newbury,South East,LD,71982,48930,17268,3662,19645,0.35291232372777437,0.07484161046392807,0.4014919272430002
E14001377,Newcastle upon Tyne Central and West,North East,Lab,76822,41355,4228,18875,1946,0.10223673074597993,0.45641397654455323,0.04705597872083182
E14001378,Newcastle upon Tyne East and Wallsend,North East,Lab,76245,42321,3522,21200,2965,0.083221095909832,0.5009333427849059,0.0700597811960965
E14001379,Newcastle upon Tyne North,North East,Lab,74768,48617,6678,24440,5936,0.13735935989468703,0.502704815188103,0.12209720879527737
E14001380,Newcastle-under-Lyme,West Midlands,Lab,67815,39618,10923,15992,1987,0.27570801150991975,0.40365490433641277,0.050153970417487
W07000104,Newport East,Wales,Lab,76683,38531,6487,16370,2045,0.1683579455503361,0.4248527159949132,0.05307414808855208
W07000105,Newport West and Islwyn,Wales,Lab,75785,41951,6710,17409,2087,0.15994851135848967,0.41498414817286833,0.049748516125956474
E14001381,Newton Abbot,South West,LD,73885,47992,12955,7115,15201,0.2699408234705784,0.148253875645941,0.31674029004834137
E14001382,Newton Aycliffe and Spennymoor,North East,Lab,72215,39846,8195,18394,1491,0.20566681724639863,0.461627264970135,0.037419063394067156
E14001383,Normanton and Hemsworth,Yorkshire and The Humber,Lab,75645,36349,4995,17275,1319,0.1374178106687942,0.47525378965033427,0.036287105559987896
E14001384,North Bedfordshire,East of England,Con,78850,51561,19981,14567,5553,0.3875215763852524,0.28251973390741064,0.10769767847791936
E14001385,North Cornwall,South West,LD,76741,51245,14137,2958,24094,0.2758708166650405,0.0577227046541126,0.47017269977558784
E14001386,North Cotswolds,South West,Con,73203,50229,17426,8593,14069,0.34693105576459815,0.17107646976846044,0.2800971550299628
E14001387,North Devon,South West,LD,79079,51417,15076,3216,21820,0.2932104167882218,0.06254740649979579,0.42437326176167417
E14001388,North Dorset,South West,Con,72690,49683,18208,4370,16619,0.3664835054243906,0.08795765151057706,0.33450073465773
E14001389,North Durham,North East,Lab,73226,41565,6492,16562,4208,0.15618910140743414,0.39846024299290267,0.10123902321664863
E14001390,North East Cambridgeshire,East of England,Con,71511,39176,16246,8008,2716,0.41469266898100876,0.20441086379415968,0.06932816009801919
E14001391,North East Derbyshire,East Midlands,Lab,73234,45866,15838,17591,2159,0.34531025160249423,0.3835302838704051,0.04707190511489993
E14001392,North East Hampshire,South East,LD,76923,55560,20544,5057,21178,0.3697624190064795,0.0910187185025198,0.38117350611951045
E14001393,North East Hertfordshire,East of England,Lab,77697,52520,16435,18358,5463,0.31292840822543794,0.34954303122619956,0.10401751713632902
E14001394,North East Somerset and Hanham,South West,Lab,73889,51125,15420,20739,3878,0.30161369193154036,0.4056528117359413,0.07585330073349633
E14001395,North Herefordshire,West Midlands,Other,72797,50362,15842,3205,1436,0.3145625670148128,0.06363925181684603,0.02851356181247766
E14001396,North Norfolk,East of England,LD,71438,47043,16903,2878,19488,0.35930956784218693,0.06117807112641626,0.4142592946878388
E14001397,North Northumberland,North East,Lab,74190,48843,12788,17855,5169,0.26181847961836907,0.36555903609524393,0.10582888028990849
E14001398,North Shropshire,West Midlands,LD,77573,49594,10903,3423,26214,0.21984514255756746,0.06902044602169617,0.5285720046779853
E14001399,North Somerset,South West,Lab,74426,53766,18499,19138,7121,0.34406502250492876,0.35594985678681695,0.132444295651527
E14001400,North Warwickshire and Bedworth,West Midlands,Lab,69752,40940,12529,14727,1228,0.30603321934538347,0.35972154372252074,0.029995114802149486
E14001401,North West Cambridgeshire,East of England,Lab,75915,44424,14746,14785,3192,0.3319376913380155,0.33281559517377995,0.07185305240410589
E14001402,North West Essex,East of England,Con,79698,54386,19360,16750,6055,0.35597396388776525,0.3079836722685985,0.11133379913948442
E14001403,North West Hampshire,South East,Con,78629,50823,17770,14482,7626,0.3496448458375145,0.2849497274855872,0.15005017413375835
E14001404,North West Leicestershire,East Midlands,Lab,77750,48572,15859,16871,1629,0.32650498229432595,0.34734003129374946,0.03353784073128552
E14001405,North West Norfolk,East of England,Con,74415,44566,16097,11143,6492,0.36119463267962126,0.250033657945519,0.1456715882062559
E14001406,Northampton North,East Midlands,Lab,75575,41813,9195,18209,2251,0.2199076842130438,0.4354865711620788,0.05383493171980006
E14001407,Northampton South,East Midlands,Lab,70393,43904,12819,16890,3193,0.2919779518950437,0.38470298833819244,0.07272685860058309
E14001408,Norwich North,East of England,Lab,73717,45765,9944,20794,2073,0.21728395061728395,0.45436468917294875,0.045296624057686
E14001409,Norwich South,East of England,Lab,76296,45095,5806,21484,3577,0.12875041578889013,0.47641645415234507,0.07932143253132276
E14001410,Nottingham East,East Midlands,Lab,69395,36401,3925,19494,1741,0.10782670805747095,0.5355347380566468,0.04782835636383616
E14001411,Nottingham North and Kimberley,East Midlands,Lab,73768,35007,6787,16480,1336,0.1938755106121633,0.470762990259091,0.038163795812266116
E14001412,Nottingham South,East Midlands,Lab,64255,32879,5285,15579,2059,0.1607408984458165,0.47382827944888833,0.06262355911067854
E14001413,Nuneaton,West Midlands,Lab,71843,41213,11737,15216,1340,0.2847887802392449,0.36920389197583287,0.032514012568849636
E14001414,Old Bexley and Sidcup,London,Con,73198,47633,17910,14362,1927,0.37599983204920956,0.3015136564986459,0.04045514664203388
E14001415,Oldham East and Saddleworth,North West,Lab,73460,40065,6838,14091,3386,0.1706726569324847,0.3517034818420067,0.08451266691626108
E14001416,"Oldham West, Chadderton and Royton",North West,Lab,76031,38573,4066,13232,1271,0.10541052031213544,0.3430378762346719,0.03295050942369015
E14001417,Orpington,London,Con,71284,46073,17504,12386,4728,0.379918824474204,0.2688342413126994,0.10261975560523517
E14001418,Ossett and Denby Dale,Yorkshire and The Humber,Lab,72312,43873,12690,17232,1785,0.2892439541403597,0.3927700407995806,0.04068561529870308
E14001419,Oxford East,South East,Lab,71845,39341,4739,19541,3437,0.12045957143946519,0.49670826872728197,0.08736432729213797
E14001420,Oxford West and Abingdon,South East,LD,69851,45998,8520,5981,23414,0.18522544458454715,0.13002739249532588,0.5090221313970172
E14001421,Peckham,London,Lab,72127,38797,2276,22813,2724,0.05866432971621517,0.5880093821687243,0.07021161430007475
E14001422,Pendle and Clitheroe,North West,Lab,78796,46754,15227,16129,2039,0.32568336399024683,0.3449758309449459,0.043611241818881805
E14001423,Penistone and Stocksbridge,Yorkshire and The Humber,Lab,70435,43965,10430,19169,2866,0.2372341635391789,0.43600591379506426,0.06518821790060275
E14001424,Penrith and Solway,North West,Lab,77935,49281,14729,19986,4742,0.2988778636797143,0.40555183539295064,0.09622369675940018
E14001425,Peterborough,East of England,Lab,73378,41872,13300,13418,1746,0.31763469621704243,0.32045280855941916,0.041698509743981656
E14001426,Plymouth Moor View,South West,Lab,74724,42856,12061,17665,1766,0.28143083815568415,0.41219432518200483,0.04120776554041441
E14001427,Plymouth Sutton and Devonport,South West,Lab,75313,42095,6873,20795,2441,0.16327354792730728,0.49400166290533315,0.0579878845468583
E14001428,"Pontefract, Castleford and Knottingley",Yorkshire and The Humber,Lab,74618,35957,5406,17089,1213,0.15034624690602663,0.4752621186417109,0.03373473871568818
W07000106,Pontypridd,Wales,Lab,75951,39378,3775,16225,1606,0.09586571181878206,0.4120320991416527,0.04078419422012291
E14001429,Poole,South West,Lab,72509,44495,14150,14168,5507,0.3180132599168446,0.3184177997527812,0.12376671536127655
E14001430,Poplar and Limehouse,London,Lab,84116,43051,4738,18535,4189,0.11005551555132286,0.43053587605398247,0.09730319853197371
E14001431,Portsmouth North,South East,Lab,70446,41593,13715,14495,3031,0.3297429855985382,0.348496141177602,0.07287283917966966
E14001432,Portsmouth South,South East,Lab,73711,38928,5643,18857,4886,0.14495992601726265,0.4844071105630908,0.12551376900945335
E14001433,Preston,North West,Lab,77400,39993,5212,14006,3195,0.13032280649113595,0.35021128697522064,0.07988898057160003
E14001434,Putney,London,Lab,72686,49295,11625,24113,5943,0.23582513439496908,0.48915711532609796,0.12055989451262805
E14001435,Queen's Park and Maida Vale,London,Lab,75558,38343,5088,20126,3417,0.1326969720679133,0.5248937224525989,0.08911665753853376
E14001436,Rawmarsh and Conisbrough,Yorkshire and The Humber,Lab,69133,33904,4496,16612,1137,0.13260972156677678,0.48997168475696085,0.03353586597451628
E14001437,Rayleigh and Wickford,East of England,Con,76576,47978,17756,11823,4068,0.3700862895493768,0.246425444995623,0.08478886156154904
E14001438,Reading Central,South East,Lab,73600,45291,8961,21598,3963,0.19785387825395773,0.4768717846812833,0.08750082797906869
E14001439,Reading West and Mid Berkshire,South East,Lab,68781,46551,14912,16273,5103,0.32033683486928316,0.3495735859594853,0.10962170522652574
E14001440,Redcar,North East,Lab,70241,38209,12340,15663,1542,0.3229605590305949,0.40992959773875265,0.040356983956659424
E14001441,Redditch,West Midlands,Lab,71042,42375,14021,14810,2165,0.33087905604719764,0.3494985250737463,0.051091445427728616
E14001442,Reigate,South East,Con,77102,53161,18822,15635,6773,0.35405654521171537,0.2941065818927409,0.12740542879178346
W07000107,Rhondda and Ogmore,Wales,Lab,74493,35806,2050,17118,935,0.0572529743618388,0.4780763000614422,0.026112941965033793
E14001443,Ribble Valley,North West,Lab,80484,52023,17321,18177,5001,0.33294888799184974,0.3494031486073467,0.09613055763796782
E14001444,Richmond and Northallerton,Yorkshire and The Humber,Con,73886,48526,23059,10874,4322,0.47518855871079424,0.22408605695915593,0.08906565552487326
E14001445,Richmond Park,London,LD,74988,52205,11373,5048,28528,0.21785269610190594,0.09669571880088114,0.5464610669476104
E14001446,Rochdale,North West,Lab,72507,39688,4273,13027,2816,0.1076647853255392,0.32823523483168715,0.07095343680709534
E14001447,Rochester and Strood,South East,Lab,74257,42598,12473,15403,1894,0.29280717404572987,0.3615897459974647,0.04446218132306681
E14001448,Romford,London,Con,72928,44047,15339,13876,1895,0.34824165096374327,0.3150271301110178,0.043022226258314984
E14001449,Romsey and Southampton North,South East,Con,71871,50027,19893,4640,17702,0.3976452715533612,0.09274991504587522,0.35384892158234554
E14001450,Rossendale and Darwen,North West,Lab,74440,44618,12619,18247,1241,0.2828230758886548,0.408960509211529,0.027813886772154735
E14001451,Rother Valley,Yorkshire and The Humber,Lab,69459,41608,15025,16023,1175,0.3611084406844838,0.3850942126514132,0.02823976158431071
E14001452,Rotherham,Yorkshire and The Humber,Lab,75929,36932,0,16671,2824,0,0.4513971623524315,0.076464854326871
E14001453,Rugby,West Midlands,Lab,74901,49004,15105,19533,3252,0.3082401436617419,0.3986001142763856,0.06636192963839686
E14001454,"Ruislip, Northwood and Pinner",London,Con,71683,47091,21366,13785,4343,0.4537172708160795,0.292731095113716,0.09222569068399482
E14001455,Runcorn and Helsby,North West,Lab,70801,42235,6756,22358,2149,0.15996211672783237,0.5293713744524683,0.05088196993015272
E14001456,Runnymede and Weybridge,South East,Con,73610,48253,18442,9963,10815,0.3821938532319234,0.20647420885748036,0.22413114210515409
E14001457,Rushcliffe,East Midlands,Lab,79160,57744,17865,25291,3133,0.30938279301745636,0.43798489886395126,0.054256719312829035
E14001458,Rutland and Stamford,East Midlands,Con,71763,48577,21248,10854,6252,0.4374086501842436,0.22343907610597608,0.12870288408094366
E14001459,Salford,North West,Lab,83633,39704,3583,21132,2752,0.09024279669554705,0.5322385653838404,0.0693129155752569
E14001460,Salisbury,South West,Con,71802,50173,17110,13303,11825,0.3410200705558767,0.26514260658122896,0.23568453152093755
E14001461,Scarborough and Whitby,Yorkshire and The Humber,Lab,74544,44221,12350,17758,1899,0.2792790755523394,0.40157391284683747,0.0429433979331087
E14001462,Scunthorpe,Yorkshire and The Humber,Lab,73855,39051,11942,15484,942,0.3058052290594351,0.39650713169957236,0.024122301605592686
E14001463,Sefton Central,North West,Lab,74284,47449,8490,26772,2630,0.17892895529937405,0.5642268540959767,0.05542793314927606
E14001464,Selby,Yorkshire and The Humber,Lab,78043,49222,12593,22788,1792,0.25584088415749057,0.46296371541180775,0.03640648490512372
E14001465,Sevenoaks,South East,Con,73708,49899,18328,6802,12888,0.36730194993887655,0.13631535702118278,0.25828172909276736
E14001466,Sheffield Brightside and Hillsborough,Yorkshire and The Humber,Lab,70389,31612,4069,16301,1694,0.1287169429330634,0.515658610654182,0.05358724534986714
E14001467,Sheffield Central,Yorkshire and The Humber,Lab,60594,31803,2339,16569,2174,0.07354652076848096,0.5209885859824545,0.06835833097506525
E14001468,Sheffield Hallam,Yorkshire and The Humber,Lab,72900,51601,6205,23875,15686,0.12024960756574485,0.46268483168930835,0.30398635685354936
E14001469,Sheffield Heeley,Yorkshire and The Humber,Lab,73452,38446,5242,21230,3863,0.1363470842220257,0.5522030900483795,0.1004785933517141
E14001470,Sheffield South East,Yorkshire and The Humber,Lab,74156,35771,6252,18710,3421,0.1747784518185122,0.52304939755668,0.09563612982583657
E14001471,Sherwood Forest,East Midlands,Lab,78896,48660,13398,18841,1838,0.2753390875462392,0.3871968762844225,0.03777229757501028
E14001472,Shipley,Yorkshire and The Humber,Lab,74130,48303,13135,21738,1341,0.2719292797548806,0.4500341593689833,0.027762250791876282
E14001473,Shrewsbury,West Midlands,Lab,76599,51560,11577,22932,6722,0.2245345228859581,0.4447633824670287,0.13037238169123352
E14001474,Sittingbourne and Sheppey,South East,Lab,79067,40998,11564,11919,1321,0.2820625396360798,0.29072149860968827,0.032221083955314894
E14001475,Skipton and Ripon,Yorkshire and The Humber,Con,79238,53450,18833,17183,4194,0.35234798877455564,0.3214780168381665,0.07846585594013096
E14001476,Sleaford and North Hykeham,East Midlands,Con,75651,48565,17348,13002,2264,0.35721198393905074,0.2677236693091733,0.046617934726655
E14001477,Slough,South East,Lab,81295,43278,7457,14666,2060,0.1723046351494986,0.33887887610333195,0.04759924210915477
E14001478,Smethwick,West Midlands,Lab,72863,35115,4546,16858,1018,0.12946034458208744,0.48007973800370213,0.02899045991741421
E14001479,Solihull West and Shirley,West Midlands,Con,71816,46877,16284,11664,7916,0.3473771785737142,0.2488213836209655,0.16886746165496938
E14001480,South Basildon and East Thurrock,East of England,Other,72673,39549,10159,12080,1071,0.25687122303977344,0.3054438797441149,0.027080330728969128
E14001481,South Cambridgeshire,East of England,LD,77327,54885,15063,6106,25704,0.2744465701011205,0.11125079712125353,0.4683246788740093
E14001482,South Cotswolds,South West,LD,71971,52287,17988,3942,22961,0.34402432727064086,0.07539158873142464,0.4391340103658653
E14001483,South Derbyshire,East Midlands,Lab,73714,45737,13566,17734,2134,0.2966088724664932,0.3877385923869078,0.04665806677307213
E14001484,South Devon,South West,LD,72261,49004,15413,3066,22540,0.31452534486980654,0.06256632111664354,0.459962452044731
E14001485,South Dorset,South West,Lab,75924,49037,14611,15659,8017,0.297958684258825,0.3193303016089891,0.16348879417582643
E14001486,South East Cornwall,South West,Lab,72654,49286,13759,15670,8284,0.27916649758552126,0.31794018585399503,0.16808018504240554
E14001487,South Holland and The Deepings,East Midlands,Con,78473,45930,17462,9086,1945,0.3801872414543871,0.1978227737861964,0.0423470498584803
E14001488,South Leicestershire,East Midlands,Con,78511,51359,18264,12758,7621,0.35561440059191185,0.24840826340076716,0.14838684553826983
E14001489,South Norfolk,East of England,Lab,74006,49579,14527,17353,5746,0.2930071199499788,0.35000705944048893,0.11589584299804352
E14001490,South Northamptonshire,East Midlands,Con,78233,53697,19191,15504,4989,0.357394267836192,0.2887312140343036,0.09291021844795799
E14001491,South Ribble,North West,Lab,73420,46720,13339,19840,2972,0.2855094178082192,0.4246575342465753,0.06361301369863014
E14001492,South Shields,North East,Lab,68366,36824,4128,15122,1402,0.1121008038235933,0.41065609385183577,0.03807299587225722
E14001493,South Shropshire,West Midlands,Con,76677,51653,17628,6939,16004,0.3412773701430701,0.134338760575378,0.3098367955394653
E14001494,South Suffolk,East of England,Con,74619,48801,16082,13035,6424,0.3295424274092744,0.2671051822708551,0.1316366467900248
E14001495,South West Devon,South West,Con,77600,52242,17916,15804,5551,0.34294246008958307,0.3025152176409785,0.10625550323494506
E14001496,South West Hertfordshire,East of England,Con,71737,48254,16458,9637,12002,0.3410701703485721,0.19971401334604386,0.24872549425954324
E14001497,South West Norfolk,East of England,Lab,74724,44335,11217,11847,2618,0.25300552610804106,0.267215518213601,0.0590504116386602
E14001498,South West Wiltshire,South West,Con,73071,46168,15617,12374,7205,0.33826459885635074,0.268021140183677,0.15606047478773177
E14001499,Southampton Itchen,South East,Lab,68379,38053,9677,15782,2684,0.25430320868262685,0.4147373400257536,0.07053320368959083
E14001500,Southampton Test,South East,Lab,65520,35805,6612,15945,3252,0.18466694595726854,0.4453288646837034,0.09082530372852954
E14001501,Southend East and Rochford,East of England,Lab,70217,39656,11368,15395,2269,0.2866653217671979,0.38821363728061326,0.057217066774258626
E14001502,Southend West and Leigh,East of England,Lab,75154,46968,14790,16739,3174,0.31489524782830863,0.3563915857605178,0.0675779253960143
E14001503,Southgate and Wood Green,London,Lab,77542,45671,8037,23337,3925,0.17597600227715618,0.5109807098596484,0.08594075014779619
E14001504,Southport,North West,Lab,73641,45059,11463,17252,5868,0.2543997869460041,0.38287578508178166,0.13022925497680818
E14001505,Spelthorne,South East,Con,73782,46166,14038,12448,8710,0.3040765931638002,0.26963566260884636,0.188666984360785
E14001506,Spen Valley,Yorkshire and The Humber,Lab,72642,41058,9859,16076,1425,0.24012372741000537,0.39154366993034245,0.034706999853865265
E14001507,St Albans,East of England,LD,72739,51614,9388,5189,29222,0.18188863486650908,0.10053473863680397,0.5661642190103461
E14001508,St Austell and Newquay,South West,Lab,76076,46732,13488,15958,4805,0.2886244971325858,0.3414790721561243,0.1028203372421467
E14001509,St Helens North,North West,Lab,75483,40474,4507,21284,1799,0.11135543805900085,0.5258684587636507,0.04444828778969215
E14001510,St Helens South and Whiston,North West,Lab,71569,38035,3057,18919,2199,0.08037334034441962,0.49741028000525833,0.05781517023793874
E14001511,St Ives,South West,LD,69978,48106,11247,2788,25033,0.23379620005820478,0.0579553486051636,0.5203716792084148
E14001512,St Neots and Mid Cambridgeshire,East of England,LD,78115,52882,14896,6918,19517,0.2816837487235732,0.13081956053099353,0.36906697931243143
E14001513,Stafford,West Midlands,Lab,70608,46009,13936,18531,1676,0.3028972592318894,0.40276902345193333,0.0364276554587146
E14001514,Staffordshire Moorlands,West Midlands,Con,69892,43302,15310,14135,1499,0.353563345803889,0.32642834049235603,0.03461733869105353
E14001515,Stalybridge and Hyde,North West,Lab,72265,37239,6872,16320,1080,0.18453771583554876,0.43825022154193183,0.029001852896157254
E14001516,Stevenage,East of England,Lab,70976,42715,11080,17698,3467,0.2593936556244879,0.41432751960669556,0.08116586679152522
E14001517,Stockport,North West,Lab,76632,43683,4967,21787,3724,0.11370556051553236,0.4987523750658151,0.08525055513586521
E14001518,Stockton North,North East,Lab,70242,37401,8028,17128,1133,0.21464666720141173,0.45795566963450174,0.03029330766557044
E14001519,Stockton West,North East,Con,71868,48638,20372,18233,1203,0.4188494592705292,0.37487149965047906,0.02473374727579259
E14001520,Stoke-on-Trent Central,West Midlands,Lab,73812,35289,6221,14950,999,0.1762872283147723,0.4236447618237978,0.028309104820198928
E14001521,Stoke-on-Trent North,West Midlands,Lab,69854,36150,9497,14579,911,0.26271092669432916,0.4032918395573997,0.025200553250345783
E14001522,Stoke-on-Trent South,West Midlands,Lab,70002,40942,13594,14221,1577,0.3320306775438425,0.347345024669044,0.03851790337550681
E14001523,"Stone, Great Wyrley and Penkridge",West Midlands,Con,71561,42770,19880,14414,2952,0.46481178396072015,0.3370119242459668,0.06902034136076689
E14001524,Stourbridge,West Midlands,Lab,68311,39878,12265,15338,1607,0.3075630673554341,0.384623100456392,0.040297908621294946
E14001525,Stratford and Bow,London,Lab,80735,43435,3114,19145,1926,0.07169333486819385,0.44077356970185333,0.044342120409807756
E14001526,Stratford-on-Avon,West Midlands,LD,75714,52959,16328,3753,23450,0.3083139787382692,0.07086614173228346,0.44279537000321
E14001527,Streatham and Croydon North,London,Lab,82829,44553,5328,23232,5031,0.11958790653828025,0.5214463672479968,0.11292168877516666
E14001528,Stretford and Urmston,North West,Lab,75153,46002,6492,22642,2216,0.14112429894352418,0.49219599147863136,0.04817181861658189
E14001529,Stroud,South West,Lab,77905,55221,14219,25607,2913,0.25749262056101846,0.463718512884591,0.052751670560113
E14001530,Suffolk Coastal,East of England,Lab,74522,49451,14602,15672,6947,0.29528219853996884,0.3169197791753453,0.14048249782613093
E14001531,Sunderland Central,North East,Lab,76145,39957,5731,16852,3602,0.1434291863753535,0.4217533848887554,0.09014690792602047
E14001532,Surrey Heath,South East,LD,71934,47788,15747,3148,21387,0.3295178705951285,0.06587427806143802,0.447539131162635
E14001533,Sussex Weald,South East,Con,72885,49175,16758,8239,9916,0.3407829181494662,0.16754448398576513,0.20164717844433147
E14001534,Sutton and Cheam,London,LD,72303,47606,13775,8430,17576,0.28935428307356215,0.17707851951434694,0.369197160021846
E14001535,Sutton Coldfield,West Midlands,Con,74080,48333,18502,15959,2587,0.382802640018207,0.33018848405851076,0.05352450706556597
W07000108,Swansea West,Wales,Lab,74236,35657,3536,14761,4367,0.09916706397060886,0.4139720111058137,0.12247244580306813
E14001536,Swindon North,South West,Lab,73224,44165,13827,17930,2086,0.31307596513075964,0.40597758405977585,0.04723197101777426
E14001537,Swindon South,South West,Lab,72575,44794,12070,21676,1843,0.2694557306782158,0.4839040942983435,0.04114390320132161
E14001538,Tamworth,West Midlands,Lab,75055,43788,13956,15338,1451,0.3187174568374897,0.350278615145702,0.033136932492920435
E14001539,Tatton,North West,Con,75978,51909,19956,18820,4614,0.38444200427671504,0.3625575526401973,0.08888632029127896
E14001540,Taunton and Wellington,South West,LD,78680,50294,12392,3552,24331,0.24639121962858393,0.07062472660754762,0.48377540064421204
E14001541,Telford,West Midlands,Lab,73808,40730,8728,18212,1560,0.21428922170390374,0.4471397004664866,0.038301006629020376
E14001542,Tewkesbury,South West,LD,73458,48539,14468,4298,20730,0.2980695935227343,0.08854735367436495,0.4270792558561157
E14001543,The Wrekin,West Midlands,Con,78942,50020,16320,15437,4757,0.32626949220311874,0.3086165533786485,0.09510195921631348
E14001544,Thirsk and Malton,Yorkshire and The Humber,Con,78468,49797,19544,11994,5379,0.39247344217523145,0.2408578830050003,0.10801855533465872
E14001545,Thornbury and Yate,South West,LD,78192,53367,17801,5057,20815,0.333558191391684,0.09475893342327656,0.39003504038075965
E14001546,Thurrock,East of England,Lab,73392,37558,8009,16050,1157,0.21324351669417968,0.42733904893764313,0.030805687203791468
E14001547,Tipton and Wednesbury,West Midlands,Lab,74098,31850,8370,11755,592,0.2627943485086342,0.36907378335949764,0.01858712715855573
E14001548,Tiverton and Minehead,South West,LD,72087,47491,14819,4325,18326,0.3120380703712282,0.09106988692594387,0.38588364111094736
E14001549,Tonbridge,South East,Con,72799,50328,20517,9351,4234,0.4076657129232237,0.18580114449213161,0.08412811953584486
E14001550,Tooting,London,Lab,76168,52943,9722,29209,4438,0.1836314526944072,0.5517065523298642,0.08382600154883554
E14001551,Torbay,South West,LD,76185,46115,13588,3276,18937,0.2946546676786295,0.07103979182478586,0.4106472948064621
W07000109,Torfaen,Wales,Lab,71738,35705,5737,15176,1644,0.16067777622181767,0.4250385100126033,0.04604397143257247
E14001552,Torridge and Tavistock,South West,Con,74727,50820,16049,10765,12099,0.3158008658008658,0.21182605273514366,0.23807556080283354
E14001553,Tottenham,London,Lab,75906,40148,2320,23066,1928,0.05778619109295606,0.5745242602371227,0.048022317425525554
E14001554,Truro and Falmouth,South West,Lab,72982,50264,12632,20783,6552,0.2513130670062072,0.4134768422727996,0.13035174279802642
E14001555,Tunbridge Wells,South East,LD,78738,54250,14974,6178,23661,0.2760184331797235,0.11388018433179724,0.43614746543778804
E14001556,Twickenham,London,LD,74980,53635,8728,6693,30185,0.16272956092104038,0.12478791833690688,0.5627854945464715
E14001557,Tynemouth,North East,Lab,73194,48418,9036,24491,2709,0.1866248089553472,0.505824280226362,0.05595026642984014
E14001558,Uxbridge and South Ruislip,London,Lab,74745,45914,16012,16599,1752,0.34873894672648864,0.36152371825586965,0.038158295944592066
W07000110,Vale of Glamorgan,Wales,Lab,74465,45826,13524,17740,1612,0.2951163095186139,0.38711648409200017,0.035176537336882994
E14001559,Vauxhall and Camberwell Green,London,Lab,77527,37536,2809,21528,4549,0.0748348252344416,0.5735294117647058,0.12119032395566923
E14001560,Wakefield and Rothwell,Yorkshire and The Humber,Lab,75067,40656,7322,17773,3249,0.18009641873278237,0.4371556473829201,0.07991440377804014
E14001561,Wallasey,North West,Lab,74082,42746,4987,24674,1843,0.11666588686660741,0.5772235998689936,0.04311514527675104
E14001562,Walsall and Bloxwich,West Midlands,Lab,74951,37191,6679,12514,817,0.1795864590895647,0.33647925573391413,0.021967680352773522
E14001563,Walthamstow,London,Lab,74474,45668,2353,27172,1736,0.0515240430936323,0.5949899273013927,0.03801348865726548
E14001564,Warrington North,North West,Lab,70601,40041,6486,18730,2737,0.16198396643440474,0.46777053520141854,0.06835493619040484
E14001565,Warrington South,North West,Lab,78394,49672,11861,23201,3829,0.23878643904010308,0.4670840715090997,0.07708568207440812
E14001566,Warwick and Leamington,West Midlands,Lab,76294,49198,11563,23975,3881,0.2350298792633847,0.4873165575836416,0.07888532054148542
E14001567,Washington and Gateshead South,North East,Lab,70972,37021,4654,17682,1602,0.12571243348369845,0.47762080981064803,0.0432727370951622
E14001568,Watford,East of England,Lab,73100,44455,10985,15708,7577,0.24710381284444943,0.35334608030592735,0.1704420200202452
E14001569,Waveney Valley,East of England,Other,73056,49072,14873,4621,1214,0.3030852624714705,0.0941677535050538,0.02473915878708836
E14001570,Weald of Kent,South East,Con,75987,50712,20202,11780,3975,0.3983672503549456,0.23229215964663197,0.07838381448177946
E14001571,Wellingborough and Rushden,East Midlands,Lab,77542,43985,12248,17734,1570,0.27845856542002956,0.40318290326247586,0.035693986586336254
E14001572,Wells and Mendip Hills,South West,LD,73538,50368,12501,3527,23622,0.24819329733163914,0.07002461880559085,0.4689882465057179
E14001573,Welwyn Hatfield,East of England,Lab,75259,48455,16078,19877,3117,0.33181302239191,0.4102156640181612,0.06432772675678465
E14001574,West Bromwich,West Midlands,Lab,74025,36481,7318,16872,1314,0.20059757133850498,0.4624873221677037,0.03601874948603383
E14001575,West Dorset,South West,LD,75998,52605,19210,3086,26999,0.3651744130786047,0.058663625130691,0.5132401862940785
E14001576,West Ham and Beckton,London,Lab,78964,36348,3781,16434,1606,0.10402222955871024,0.45212941564872894,0.04418399911962144
E14001577,West Lancashire,North West,Lab,74081,44200,8680,22305,2043,0.19638009049773755,0.5046380090497737,0.046221719457013574
E14001578,West Suffolk,East of England,Con,77145,46161,15814,12567,4284,0.3425835662139035,0.2722428023656333,0.0928056151296549
E14001579,West Worcestershire,West Midlands,Con,79246,54687,19783,8335,13236,0.3617495931391373,0.1524128220600874,0.24203192714904823
E14001580,Westmorland and Lonsdale,North West,LD,72029,49533,9589,2306,31061,0.19358811297518827,0.046554822037833364,0.6270768982294632
E14001581,Weston-super-Mare,South West,Lab,71396,42390,11901,16310,3756,0.2807501769285209,0.38476055673507903,0.08860580325548478
E14001582,Wetherby and Easingwold,Yorkshire and The Humber,Con,74314,52259,20597,15751,3351,0.3941330679882891,0.30140262921219313,0.06412292619453108
E14001583,Whitehaven and Workington,North West,Lab,73198,41840,8455,22173,1118,0.20207934990439771,0.5299474187380497,0.026720841300191204
E14001584,Widnes and Halewood,North West,Lab,70161,38116,3507,23484,1593,0.09200860531010599,0.6161192150278099,0.041793472557456184
E14001585,Wigan,North West,Lab,77538,40899,4310,19401,1692,0.1053815496711411,0.47436367637350546,0.041370204650480455
E14001586,Wimbledon,London,LD,76334,54985,12180,11733,24790,0.22151495862507956,0.2133854687642084,0.4508502318814222
E14001587,Winchester,South East,LD,78289,57076,16118,3023,29939,0.28239540262106666,0.05296446842806083,0.5245462190763193
E14001588,Windsor,South East,Con,73334,45246,16483,10026,9539,0.36429739645493525,0.22158864872032888,0.2108252663218848
E14001589,Wirral West,North West,Lab,72838,49951,13158,23156,3055,0.26341814978679107,0.46357430281676043,0.06115993673800324
E14001590,Witham,East of England,Con,78991,50603,18827,13682,3439,0.37205304033357706,0.27037922652807145,0.06796039760488509
E14001591,Witney,South East,LD,75448,50584,16493,4773,20832,0.32605171595761506,0.09435789973114028,0.41182982761347464
E14001592,Woking,South East,LD,72969,48145,12773,4444,24019,0.26530273133243326,0.0923044968324852,0.4988887734967286
E14001593,Wokingham,South East,LD,75082,53999,17398,3631,25743,0.3221911516879942,0.06724198596270302,0.47673105057501064
E14001594,Wolverhampton North East,West Midlands,Lab,70715,33289,8860,14282,1002,0.2661539847997837,0.4290306107122473,0.03010003304394845
E14001595,Wolverhampton South East,West Midlands,Lab,77473,33382,5654,16800,758,0.16937271583488106,0.5032652327601701,0.0227068480019172
E14001596,Wolverhampton West,West Midlands,Lab,77851,43657,11463,19331,1376,0.2625695764711272,0.44279267929541655,0.03151842774354628
E14001597,Worcester,West Midlands,Lab,74931,46036,11506,18622,3986,0.24993483360848032,0.4045095142931619,0.08658441219914849
E14001598,Worsley and Eccles,North West,Lab,78643,42543,6791,20277,1851,0.15962673060197918,0.4766236513645018,0.04350892038643255
E14001599,Worthing West,South East,Lab,77039,50997,16570,20519,2708,0.32492107378865426,0.40235700139223873,0.05310116281349883
W07000111,Wrexham,Wales,Lab,70269,40373,9888,15836,1777,0.2449161568374904,0.39224234017784165,0.04401456418893815
E14001600,Wycombe,South East,Lab,73415,44637,11444,16035,4236,0.2563792369558886,0.3592311311244035,0.09489885072921567
E14001601,Wyre Forest,West Midlands,Con,77329,45158,14489,13677,2809,0.3208512334470083,0.30286992338013197,0.06220381770671863
E14001602,Wythenshawe and Sale East,North West,Lab,77767,39132,5392,20596,1985,0.1377900439537974,0.5263211693754472,0.05072574874782786
E14001603,Yeovil,South West,LD,79918,48952,11497,3002,23765,0.23486272266710248,0.06132537996404641,0.4854755679032522
W07000112,Ynys Môn,Wales,Other,53141,32628,9953,7619,439,0.30504474684320215,0.23351109476523232,0.0134547014833885
E14001604,York Central,Yorkshire and The Humber,Lab,79557,43323,5383,24537,3051,0.12425270641460656,0.5663735198393463,0.07042448583893082
E14001605,York Outer,Yorkshire and The Humber,Lab,76228,51106,13770,23161,5496,0.2694399874770086,0.4531953195319532,0.10754118890149884
